{"filename": "27915e60-0782-414d-b451-ab9f487a103f_v59.pkl", "performance": 0.9248999953269958, "loss": 0.2684316635131836}