{"filename": "a8e8ddd5-6869-4833-883e-47ed98ab8583_v146.pkl", "performance": 0.9289000034332275, "loss": 0.22345775365829468}