{"filename": "testweight_v1.pkl", "performance": 0.25540000200271606, "loss": 2.070276975631714}