{"filename": "6a096d29-4b5f-49b7-8bdc-8ee3864b0c12_v24.pkl", "performance": 0.8736000061035156, "loss": 0.38103073835372925}