{"filename": "268233c1-3b09-46c6-a2fc-015e546f848f_v11.pkl", "performance": 0.8061000108718872, "loss": 0.5987335443496704}