{"filename": "794d0720-48fc-4959-94eb-69e46e5584ca_v236.pkl", "performance": 0.9157000184059143, "loss": 0.2569313645362854}