{"filename": "7ac25f33-f6fb-4741-a385-cb129804094d_v16.pkl", "performance": 0.7476000189781189, "loss": 0.8104538917541504}