{"filename": "ea8cebc7-42d7-494e-9089-a7b5d6c70c86_v13.pkl", "performance": 0.6226999759674072, "loss": 1.2537145614624023}