{"filename": "testweight_v1.pkl", "performance": 0.2554999887943268, "loss": 2.0702455043792725}