{"filename": "41b9da0f-955a-4167-a95d-7fad0ccbc7a4_v58.pkl", "performance": 0.7942000031471252, "loss": 0.5967563986778259}