{"filename": "bd2f5e34-900f-4f43-9831-3667abd5d2ca_v13.pkl", "performance": 0.8921999931335449, "loss": 0.347657173871994}