{"filename": "2599fab3-a4dd-481f-a8b8-006e581bba67_v16.pkl", "performance": 0.8228999972343445, "loss": 0.529211163520813}