{"filename": "bd2f5e34-900f-4f43-9831-3667abd5d2ca_v22.pkl", "performance": 0.9229999780654907, "loss": 0.28450509905815125}