{"filename": "1a4974a8-5213-4ab0-99fa-458b7ba52abb_v23.pkl", "performance": 0.92330002784729, "loss": 0.2839154005050659}