{"filename": "6ee4ef62-1049-4653-9ad4-c36f516849a4_v34.pkl", "performance": 0.7889000177383423, "loss": 0.6863279938697815}