{"filename": "a622c79f-717b-4841-8503-eb16ea8483d8_v6.pkl", "performance": 0.6919000148773193, "loss": 1.0290042161941528}