{"filename": "d8023a2c-df6e-403b-8325-7ff8c244c8ab_v296.pkl", "performance": 2.566800117492676, "loss": 0.8721797466278076}