chunk,size,label_distribution,label_proportions
1,4996,"{0: 445, 1: 580, 2: 489, 3: 442, 4: 344, 5: 524, 6: 355, 7: 724, 8: 782, 9: 311}","{0: 0.08907125700560449, 1: 0.11609287429943956, 2: 0.0978783026421137, 3: 0.08847077662129704, 4: 0.0688550840672538, 5: 0.10488390712570056, 6: 0.07105684547638111, 7: 0.14491593274619696, 8: 0.1565252201761409, 9: 0.062249799839871896}"
2,7495,"{0: 994, 1: 1717, 3: 720, 4: 349, 5: 220, 6: 443, 7: 823, 8: 945, 9: 1284}","{0: 0.13262174783188793, 1: 0.22908605737158105, 3: 0.09606404269513008, 4: 0.046564376250833886, 5: 0.02935290193462308, 6: 0.0591060707138092, 7: 0.10980653769179453, 8: 0.12608405603735823, 9: 0.17131420947298198}"
3,9995,"{0: 1215, 1: 72, 2: 1531, 3: 1213, 4: 1171, 5: 920, 6: 570, 7: 1725, 8: 835, 9: 743}","{0: 0.12156078039019509, 1: 0.007203601800900451, 2: 0.15317658829414707, 3: 0.12136068034017009, 4: 0.11715857928964482, 5: 0.09204602301150576, 6: 0.057028514257128564, 7: 0.17258629314657328, 8: 0.08354177088544272, 9: 0.07433716858429215}"
4,12494,"{0: 1472, 1: 1893, 2: 777, 3: 1365, 4: 2387, 5: 2396, 6: 335, 7: 554, 8: 137, 9: 1178}","{0: 0.11781655194493357, 1: 0.1515127261085321, 2: 0.0621898511285417, 3: 0.10925244117176244, 4: 0.1910517048183128, 5: 0.19177205058428046, 6: 0.02681287017768529, 7: 0.04434128381623179, 8: 0.010965263326396671, 9: 0.0942852569233232}"
5,14996,"{0: 2507, 1: 1418, 2: 2521, 3: 1853, 4: 1808, 5: 560, 6: 2531, 7: 16, 8: 655, 9: 1127}","{0: 0.16717791411042945, 1: 0.0945585489463857, 2: 0.16811149639903974, 3: 0.12356628434249133, 4: 0.12056548412910109, 5: 0.03734329154441184, 6: 0.16877834089090424, 7: 0.0010669511869831954, 8: 0.043678314217124564, 9: 0.07515337423312883}"
