{"filename": "da1b356a-7dd4-4725-abc0-0b09512b22ed_v4.pkl", "performance": 0.35030001401901245, "loss": 1.8018335103988647}