chunk,size,label_distribution,label_proportions
1,5000,"{0: 510, 1: 521, 2: 514, 3: 468, 4: 518, 5: 485, 6: 522, 7: 502, 8: 450, 9: 510}","{0: 0.102, 1: 0.1042, 2: 0.1028, 3: 0.0936, 4: 0.1036, 5: 0.097, 6: 0.1044, 7: 0.1004, 8: 0.09, 9: 0.102}"
2,7500,"{0: 743, 1: 784, 2: 750, 3: 774, 4: 721, 5: 713, 6: 807, 7: 724, 8: 769, 9: 715}","{0: 0.09906666666666666, 1: 0.10453333333333334, 2: 0.1, 3: 0.1032, 4: 0.09613333333333333, 5: 0.09506666666666666, 6: 0.1076, 7: 0.09653333333333333, 8: 0.10253333333333334, 9: 0.09533333333333334}"
3,10000,"{0: 979, 1: 946, 2: 1027, 3: 1015, 4: 1038, 5: 1027, 6: 984, 7: 991, 8: 991, 9: 1002}","{0: 0.0979, 1: 0.0946, 2: 0.1027, 3: 0.1015, 4: 0.1038, 5: 0.1027, 6: 0.0984, 7: 0.0991, 8: 0.0991, 9: 0.1002}"
4,12500,"{0: 1186, 1: 1263, 2: 1223, 3: 1210, 4: 1281, 5: 1253, 6: 1242, 7: 1266, 8: 1292, 9: 1284}","{0: 0.09488, 1: 0.10104, 2: 0.09784, 3: 0.0968, 4: 0.10248, 5: 0.10024, 6: 0.09936, 7: 0.10128, 8: 0.10336, 9: 0.10272}"
5,15000,"{0: 1582, 1: 1486, 2: 1486, 3: 1533, 4: 1442, 5: 1522, 6: 1445, 7: 1517, 8: 1498, 9: 1489}","{0: 0.10546666666666667, 1: 0.09906666666666666, 2: 0.09906666666666666, 3: 0.1022, 4: 0.09613333333333333, 5: 0.10146666666666666, 6: 0.09633333333333334, 7: 0.10113333333333334, 8: 0.09986666666666667, 9: 0.09926666666666667}"
