chunk,size,label_distribution,label_proportions
1,104360,"{0.0: 86162, 1.0: 18198}","{0.0: 0.8256228440015332, 1.0: 0.17437715599846684}"
2,99720,"{0.0: 19279, 1.0: 80441}","{0.0: 0.1933313277176093, 1.0: 0.8066686722823907}"
3,93430,"{0.0: 23448, 1.0: 69982}","{0.0: 0.25096863962324734, 1.0: 0.7490313603767527}"
4,87450,"{0.0: 44198, 1.0: 43252}","{0.0: 0.5054088050314466, 1.0: 0.49459119496855347}"
5,79130,"{0.0: 46820, 1.0: 32310}","{0.0: 0.5916845696954379, 1.0: 0.40831543030456213}"
6,77890,"{0.0: 46008, 1.0: 31882}","{0.0: 0.5906791629220696, 1.0: 0.40932083707793043}"
7,58020,"{0.0: 34085, 1.0: 23935}","{0.0: 0.5874698379869011, 1.0: 0.41253016201309894}"
